userid,username,usercity
1,Griselda,Beresfore
2,Tami,Labat
3,Marlo,Cansdale
4,Laure,Eicheler
5,Nana,Oxshott
6,Norry,Sanpere
7,Harley,Reeken
8,Mohandis,Grenville
9,Dennie,Howell
10,Bryn,Hamlett
11,Gerrilee,Trahearn
12,Martguerita,Cullon
13,Kirby,Yeude
14,Zarla,Somerset
15,Daven,Gauchier
16,Ben,Glanders
17,Ross,Woodyear
18,Anestassia,Brakespear
19,Hilliard,Casier
20,Sibbie,Kyllford
21,Trever,Guilayn
22,Patric,Bertenshaw
23,Emelyne,Burthom
24,Skippie,Kikke
25,Alleyn,Hoodlass
26,Bonita,Gilder
27,Vinny,Marten
28,Kimberly,Lorrain
29,Harmonia,Wabey
30,Benny,Reggiani
31,Danica,Splevings
32,Nadiya,Domotor
33,Malia,Mathonnet
34,Stanford,Monketon
35,Carmita,Hallihan
36,Merle,Coddrington
37,Meade,Corsham
38,Claude,Logesdale
39,Aubree,Povlsen
40,Lissy,Kleuer
41,Lurleen,Edlyne
42,Frederich,Duckitt
43,Ruggiero,Axford
44,Annelise,De Blase
45,Putnam,Burgot
46,Vinnie,Boat
47,Joya,Ifill
48,Margette,Dabs
49,Tess,Rosa
50,Gustav,LaBastida
51,Ronica,Gowland
52,Ciro,Negri
53,Nanice,Bowley
54,Malory,Jikovsky
55,Tremain,Laguerre
56,Carley,Bridge
57,Marlie,Pykerman
58,Rand,Rummins
59,Hagen,Wedmore
60,Ripley,Rubury
61,Lulita,Aucoate
62,Nevil,Bilbrook
63,Doralynne,Witherup
64,Humfrid,Aspden
65,Tarrah,Gerhts
66,Serene,Cuxon
67,Benedetta,Bristow
68,Ursa,Meneux
69,Yoko,McIlwraith
70,Pierre,Karlowicz
71,Leelah,Hugonnet
72,Danice,Enrich
73,Gib,Ferraresi
74,Niven,Lestrange
75,Olia,Gatheral
76,Beatriz,Sloegrave
77,Gusty,De Ruggero
78,Tami,Hebner
79,Lorain,Fidian
80,Valdemar,Summerell
81,Moshe,Di Maria
82,Bailey,Golagley
83,Kirsten,Bard
84,Ozzy,Commander
85,Cynthia,Bickers
86,Marika,Wragge
87,Mariellen,Glazer
88,Rriocard,Foucher
89,Kip,Groucock
90,Jillian,Preddy
91,Tamra,Canny
92,Delbert,Winkle
93,Morna,Halbard
94,Collen,Gooday
95,Berget,Hendrichs
96,Edeline,Beverage
97,Eva,Reely
98,Ari,Millyard
99,Debera,O'Hannigan
100,Drusy,Gillise
101,Virgie,Bednall
102,Ingrid,Pither
103,Emmerich,Sidnell
104,Myrtie,Tesyro
105,Edeline,Partrick
106,Indira,Grestye
107,Ingaberg,Casperri
108,Danette,Fossick
109,Dawn,Hauxby
110,Cleopatra,Shobbrook
111,Daffy,Choat
112,Hi,McGillacoell
113,Vic,Bridges
114,Rhody,Wild
115,Jarib,Mercey
116,Lind,Server
117,Shep,Ayllett
118,Coralyn,Springham
119,Meggie,Hallsworth
120,Felice,Endrighi
121,Noak,Orman
122,Conrade,Nardoni
123,Cristiano,Siegertsz
124,Genna,Bocking
125,Zebadiah,Basindale
126,Lionello,Le Franc
127,Glynnis,Shegog
128,Olympe,Richard
129,Inessa,Walkingshaw
130,Kareem,Mc Gaughey
131,Reynolds,Hook
132,Cecelia,Ingledew
133,Stevana,Archdeckne
134,Matilda,Fessby
135,Chaunce,Hemstead
136,Ellen,Croneen
137,Matthew,Avraam
138,Timotheus,Slides
139,Ginnifer,Iltchev
140,Patricio,Drew
141,Kaleb,Abrahmer
142,Benny,Hurdwell
143,Dallas,Worgen
144,Sandro,Alexsandrowicz
145,Jobey,Yvens
146,Gallard,Warcup
147,Teddy,Dryburgh
148,Dennie,Matthias
149,Cordy,Braam
150,Rowen,Shoulder
151,Laverne,Van Geffen
152,Terrance,Worswick
153,Glenn,Semper
154,Ynes,Ceeley
155,Denice,Broadfield
156,Hayward,Gisborne
157,Ronnica,Schollar
158,Zackariah,Franies
159,Eleanor,Coneau
160,Phillie,Tissiman
161,Pepillo,Dodshon
162,Val,Gregoire
163,Edsel,Feitosa
164,Dannye,Wasielewicz
165,Tamra,Dutteridge
166,Derrik,Treacy
167,Cortie,Dot
168,Jodi,Mariotte
169,Cy,Hyde
170,Ulrika,Mutlow
171,Augustine,Girodon
172,Geri,Crim
173,Aube,Ellse
174,Averil,Crosoer
175,Marwin,L' Anglois
176,Archer,Kellie
177,Gardiner,Swindon
178,Brent,La Rosa
179,Martie,Fierro
180,Gran,Headan
181,Adelaida,Ravenscroftt
182,Gerrie,Heenan
183,Cami,Crowter
184,Yetta,Gidney
185,Maureene,Ong
186,Carey,Freeburn
187,Kerwin,Albrooke
188,Biron,Ropert
189,Hunfredo,Howbrook
190,Garold,Menpes
191,Zorina,Spender
192,Marshal,McGennis
193,Nissie,Magner
194,Nicolais,Oseman
195,Dougie,Patton
196,Bria,Zorener
197,Freedman,Kirman
198,Boniface,Vango
199,Hannis,Qualtrough
200,Cherilyn,Arnoldi
201,Cosette,Aitkin
202,Gill,MacFarlan
203,Gabriella,Galliford
204,Tim,Lonsdale
205,Bamby,Izkovitch
206,Brandtr,Burthom
207,Franchot,Brisbane
208,Craggy,Train
209,Andrei,Godlee
210,Carrie,Timbs
211,Jules,Boxe
212,Janis,Cranney
213,Tyler,Gartland
214,Carina,Counter
215,Claresta,Stonebanks
216,Gilburt,Dickings
217,Celestine,Lorraine
218,Paulie,Yankin
219,Isabelle,Ivkovic
220,Connie,Durand
221,Zechariah,Backes
222,Maribeth,Weson
223,Kerwin,Wolffers
224,Galvin,Tuffield
225,Thibaud,Leneham
226,Lesley,Cerro
227,Vivia,Le Breton
228,Giffie,Feak
229,Ami,Secret
230,George,Plevey
231,Serge,Zannotti
232,Reg,Gleeson
233,Trisha,Cragell
234,Hermann,Macallam
235,Garik,Laurentin
236,Annabell,Twigger
237,Estel,Maybery
238,Cristobal,Bleue
239,Boote,Blackborne
240,Loydie,Rummin
241,Saraann,Glazzard
242,Neala,Ramsbotham
243,Bartholomew,Dibbs
244,Kristi,Dirkin
245,Barry,Rylands
246,Cass,Kilroy
247,Emiline,Eggle
248,Gae,Petera
249,Hastings,Twinbourne
250,Hanny,Candie
251,Maribelle,Starbeck
252,Kennie,Lorinez
253,Brent,Gosse
254,Joy,Birchner
255,Kailey,Flips
256,Odele,Ploughwright
257,Brooke,Keirl
258,Correy,Scoble
259,Kristi,Jouanny
260,Kingsley,Coxon
261,Joanne,Guiducci
262,Deidre,Almon
263,Becki,Scocroft
264,Milka,Darbishire
265,Byran,Hingeley
266,Gill,Wylam
267,Tiphani,Brennon
268,Ignacio,Furphy
269,Fergus,Stocker
270,Drud,Loren
271,Hersh,Thatcher
272,Colette,Nayer
273,Frasquito,Daniello
274,Keri,Meharg
275,Anitra,Crutch
276,Kamillah,MacPeice
277,Ilse,McCahill
278,Manny,Leil
279,Jojo,Robinett
280,Thurston,Keppy
281,Freddy,Batisse
282,Nicol,Chiese
283,Damaris,Cockle
284,Rob,Franzini
285,Row,Jefferd
286,Kelila,MacFadzan
287,Danette,McIlwaine
288,Tibold,Caiger
289,Lora,Varga
290,Hailey,Laste
291,Jordana,Halliday
292,Chery,Leynagh
293,Anallese,Lowde
294,Moses,Lasslett
295,Charlot,Casburn
296,Sophia,Hindhaugh
297,Giuditta,Burr
298,Christyna,Doding
299,Zabrina,Gatch
300,Jorrie,Reschke
301,Matthus,Robilliard
302,Gweneth,Butter
303,Shaughn,Dykas
304,Ailee,Vido
305,Crissie,Edgington
306,Andriette,Cockshut
307,Elston,Dust
308,Trevar,Hush
309,Kip,Kordovani
310,Jobi,Matousek
311,Ardelia,Bazoge
312,Craig,Polamontayne
313,Annadiane,O'Halligan
314,Kiley,Fawthorpe
315,Gertie,Bartrap
316,Katine,McGowran
317,Tabitha,Stellman
318,Henrietta,Richen
319,Inesita,Dewes
320,Fanny,McDiarmid
321,Orel,Klimp
322,Domenic,Spraggs
323,Mollee,Gocher
324,Monty,Imlach
325,Avivah,Kollasch
326,Adey,Drache
327,Stacee,Cornish
328,Antoine,Rousby
329,Lizabeth,Pyper
330,Ernie,Purkess
331,Daniella,Joddins
332,Gaspar,Bril
333,Scarface,Jillard
334,Merwin,Jerrard
335,Roxine,Wilstead
336,Piggy,Gagg
337,Aviva,Brigge
338,Jaquith,Macquire
339,Evelin,Malden
340,Valdemar,Stancer
341,Giffard,Casol
342,Tris,Tothacot
343,Florian,Dorkins
344,Rosalia,Gerty
345,Gregor,Beaford
346,Gery,Pimme
347,Alfy,Seviour
348,Travers,Kinsella
349,Gustavo,Sidary
350,Cheri,Stranger
351,Winfred,Bonifacio
352,Aurora,Tremberth
353,Marline,Aird
354,Hally,Aizik
355,Kirbee,McAlpin
356,Alisha,Garley
357,Constantine,Brood
358,Sue,Snell
359,Virgina,Dallinder
360,Henryetta,Forten
361,Ninette,Yeeles
362,Flossi,Dongate
363,Alexine,Edinborough
364,Katie,Doogue
365,Godfrey,Blower
366,Orly,Oppy
367,Tonnie,Scoone
368,Saunderson,Loffill
369,Austina,Paybody
370,Chandal,Galle
371,Bryant,Mahody
372,Donni,Wainer
373,Amalee,Voaden
374,Maudie,Abbati
375,Joachim,Sambrook
376,Anett,Cisland
377,Anderson,Sherrard
378,Jules,Scohier
379,Kelwin,Reily
380,Jorgan,Kondrachenko
381,Harman,Crewes
382,Evelina,Nice
383,Loutitia,Tommaseo
384,Phaidra,McGarel
385,Thekla,Illingworth
386,Sollie,MacKissack
387,Glen,Darby
388,Clywd,Cotton
389,Mignonne,Wank
390,Amandi,Thody
391,Ransom,Klageman
392,Mady,Baggiani
393,Mady,Toderi
394,Mady,Beevor
395,Robina,Lapides
396,Janeta,Sowte
397,Dallas,Farryann
398,Aguste,Pankettman
399,Sandye,Ragsdale
400,Pooh,Mendonca
401,Zebulen,Plak
402,Merwyn,Cescot
403,Errol,Tryhorn
404,Kellsie,Pentin
405,Loella,Leete
406,Yancy,Bedinham
407,Cooper,Skeen
408,Pammie,Lavell
409,Rayshell,Yurygyn
410,Gabie,Huddles
411,Hana,Schleicher
412,Juliana,Mogra
413,Emanuele,Seide
414,Link,Tarzey
415,Jordanna,Ilyinski
416,Faina,Critchard
417,Dwain,Wooffitt
418,Hube,Pickford
419,Tootsie,Scud
420,Allene,Selcraig
421,Stephie,Andrich
422,Verile,Rohlfing
423,Arri,Secretan
424,Chloette,Simpson
425,Natassia,Lange
426,Ingram,Arcase
427,Valeda,Kelshaw
428,Marylee,Crocombe
429,Bren,Maybery
430,Tobe,Lindberg
431,Ailyn,Lawrenceson
432,Vivianne,Fulloway
433,Lyn,Helmke
434,Darrel,Opie
435,Channa,Presidey
436,Marlo,Byron
437,Thorin,Gruszczak
438,Giraud,Lillistone
439,Regina,Stiebler
440,Meara,MacAndrew
441,Wiley,Roach
442,Ella,Gensavage
443,Philis,Dytham
444,Anna-diana,Cattach
445,Eustacia,Lowery
446,Julian,Sanchez
447,Shaylynn,McGaughay
448,Merrel,Huyhton
449,Robin,Handke
450,Pru,Gigg
451,Cyb,Toffaloni
452,Esteban,Alwell
453,Riki,Savory
454,Sarina,Cowterd
455,Conrad,Bartholat
456,Verine,Teresi
457,Darb,Goning
458,Gaby,Girard
459,Myrwyn,Hands
460,Alissa,Lehrle
461,Melicent,Hinksen
462,Padraig,Grunbaum
463,Marketa,Picardo
464,Eal,Center
465,Dickie,Orsman
466,Beryl,Keeting
467,Tully,Racine
468,Gena,Durdle
469,Abbie,Pottage
470,Leoline,Cruise
471,Richmound,MacAloren
472,Abigail,Gunningham
473,Jenica,Bitterton
474,Chevalier,Ravenshaw
475,Opalina,Lehrian
476,Anatola,Kinnach
477,Eda,Giral
478,Simonette,Helstrom
479,Alvinia,Bannon
480,Ash,Gobert
481,Arda,Cowherd
482,Arlan,Iannelli
483,Pegeen,Lavery
484,Hayden,Haine
485,Pernell,Westley
486,Torey,Medlar
487,Mariana,Arthy
488,Tamqrah,McCaw
489,Web,Azemar
490,Fredra,Emmison
491,Glory,Di Franceschi
492,Constance,Beames
493,Ashia,Chmiel
494,Ab,Gantzer
495,Shelba,Renish
496,Fanya,Aysik
497,Bryn,Pershouse
498,Damon,McMeekan
499,Bonnee,Straughan
500,Sheela,Dankersley
501,Tabbatha,Waddoups
502,Belva,Amy
503,Elinor,Monro
504,Vonnie,Cerman
505,Philipa,Pyecroft
506,Nat,Haggart
507,Fowler,Bravery
508,Fran,Dockery
509,Winn,Wherrett
510,Jaymee,MacWhan
511,Jesus,Ettles
512,Igor,Edmons
513,Arleen,Mil
514,Wash,Bernaldez
515,Daron,Polly
516,Goldia,Dorgon
517,Billye,Sergean
518,Ira,Gyver
519,Lusa,Chazette
520,Prentice,Whaley
521,Atlanta,Le Blond
522,Joseph,Crowch
523,Kilian,Bremond
524,Humfried,Barnsdale
525,Humfrey,Jaimez
526,Bernete,Sydes
527,Alfonso,Aynscombe
528,Orran,Linny
529,Fraze,Sawford
530,Forester,Crichten
531,Sile,Noli
532,Lief,Rhead
533,Roselin,Pollak
534,Giordano,Koomar
535,Jillana,Pingston
536,Koral,Guillard
537,Boniface,felip
538,Claus,Baughen
539,Terrence,Ongin
540,Almeta,Earney
541,Valerie,Biggins
542,Wrennie,Longford
543,Crichton,Geard
544,Lexis,Mawford
545,Irving,Bidnall
546,Gabi,Pechet
547,Arlena,Houseman
548,Andee,Eltun
549,Paquito,Farrimond
550,Tito,Gowler
551,Mariquilla,Romagnosi
552,Lesley,Ratley
553,Lulita,Daw
554,August,Tattoo
555,Kriste,Daintree
556,Allan,Shelmerdine
557,Judas,Smiths
558,Issy,Portch
559,Ulric,Lloyds
560,Xena,Tremellier
561,Roarke,Barg
562,Harriott,Huggons
563,Ruthie,Dunbabin
564,Helsa,McWaters
565,Laurie,Brisard
566,Tamera,Caso
567,Kamila,Smidmoor
568,Aristotle,Geer
569,Sampson,Bursnoll
570,Bellanca,Audley
571,Malena,Pughe
572,Arleta,Allonby
573,Jerry,Brason
574,Wandis,Tudge
575,Kaine,Wisniewski
576,Rhoda,Jonuzi
577,Junie,Casaletto
578,Hewie,Hassey
579,Blair,Drewe
580,Steffen,Robb
581,Ashien,Drysdell
582,Ellerey,Clougher
583,Clarissa,Dowley
584,Kathryn,Petrescu
585,Abdul,Kirimaa
586,Darrin,Parmiter
587,Antonietta,Deverick
588,Jermaine,Fassan
589,Teirtza,Clapshaw
590,Trudy,Erskine Sandys
591,Ariana,Harrell
592,Anastasie,Heardman
593,Neddie,Ziemsen
594,Axel,Fishwick
595,Terri,Tubbles
596,Josefa,Dibner
597,Charissa,Kewzick
598,Dominick,Bartoleyn
599,Agosto,Locke
600,Zara,Guilleton
601,Valina,Pendrey
602,Cody,Rennox
603,Artie,Picardo
604,Franzen,Deport
605,Adi,Horsburgh
606,Astrid,Burgne
607,Pauly,Filer
608,Calhoun,Kiltie
609,Kean,Rodway
610,Lyman,Cholerton
611,Diego,Ickovici
612,Lothario,Ferreri
613,Jolene,Warrender
614,Kit,Stalman
615,Peterus,Blazhevich
616,Allyce,Bartelot
617,Jud,Pascall
618,Pippo,Spelling
619,Krisha,Cubbin
620,Davita,McNess
621,Bryan,Stitson
622,Suzann,Troillet
623,Artur,Wigg
624,Dorry,McKevin
625,Dewain,Franzonetti
626,Danika,Abbiss
627,Wilbert,Combe
628,Glori,Sedgman
629,Bernette,Whelpdale
630,Valentine,Gornal
631,Rudolph,Skelbeck
632,Homerus,Pacher
633,Shellie,Dahlberg
634,Leoine,Stolberger
635,Cathe,Cuxon
636,Dixie,Geri
637,Jerrie,Rogerson
638,Elva,Handrik
639,Joannes,Capstack
640,Aurelia,Sproule
641,Korry,Wheadon
642,Herold,Greated
643,Peggie,Ickeringill
644,Alla,Arundel
645,Angelle,Gawkes
646,Ephrayim,Polley
647,Jennilee,Obeney
648,Henryetta,Deboy
649,Gratiana,Gerrelt
650,Sheila-kathryn,Cocklie
651,Brandy,Ilson
652,Danielle,Clausius
653,Jerrome,Kedward
654,Vallie,Bircher
655,Clovis,Lesly
656,Bambi,Davitti
657,Ingeberg,Van der Merwe
658,Mallory,Philpots
659,Ferrell,Fetherston
660,Delcina,Overpool
661,Linette,Saward
662,Roobbie,Izzatt
663,Kalie,Brundrett
664,Mauricio,Eakly
665,Francyne,Perren
666,Killy,McGruar
667,Meg,Dionisetti
668,Melisent,Trett
669,Hailey,Nicklen
670,Charley,Mugridge
671,Kaiser,Broster
672,Vivyanne,Tainton
673,Flin,Blasetti
674,Hyacinthia,Rennix
675,Bernardine,Ffrench
676,Melinde,Burehill
677,Elora,Pawlowicz
678,Shae,Tolle
679,Pooh,Daynter
680,Livvyy,Geare
681,Pia,Beatty
682,Wallache,Mackett
683,Jean,Matchett
684,Iseabal,Malter
685,Burty,Assur
686,Geoff,Banker
687,Erhard,Patemore
688,Waverly,Frayn
689,Lief,Punton
690,Milissent,Deporte
691,Claudian,Monck
692,Salome,Chatain
693,Micky,Adamou
694,Isabella,Nutman
695,Seamus,Stidworthy
696,Sharona,Ridett
697,Lexi,O'Donnell
698,Marcy,O'Reilly
699,Ricky,Clemenceau
700,Loralyn,McLeary
701,Birch,Redfield
702,Wain,Skoof
703,Susanna,Amberg
704,Maisie,Kenwell
705,Benito,Muckle
706,Nathan,Brockman
707,Bobby,Esselin
708,Claudie,Fiddian
709,Marris,Aiskrigg
710,Rutledge,Farryan
711,Rodge,Landes
712,Herold,Sames
713,Marlow,Messenger
714,Tove,Mosey
715,Ernestine,O Sullivan
716,Herculie,Jereatt
717,Dreddy,Pryer
718,Wilek,Fearnall
719,Benedikt,Bareford
720,Brooke,Truesdale
721,Marietta,Alvy
722,Gordie,Almey
723,Gayla,Cahey
724,Binni,Rubertis
725,Brit,Finney
726,Jennie,Meddows
727,Amata,O'Sculley
728,Melisa,MacNair
729,Cori,Talmadge
730,Garey,Doran
731,Robinette,Case
732,Nina,Brewster
733,Natalina,Rouby
734,Kettie,Hanselmann
735,Darya,Sebyer
736,Kikelia,Pointon
737,Silvester,Woolvett
738,Kelbee,Munby
739,Garv,Malamore
740,Enos,Albrecht
741,Kele,Nobriga
742,Giraud,Stowte
743,Giusto,Crannage
744,Ronda,Rawnsley
745,Biron,Nisard
746,Dalt,Cominoli
747,Dana,Leirmonth
748,Ramonda,Heikkinen
749,Ewell,Lambregts
750,Krysta,Bugler
751,Holly-anne,Mustoo
752,Dyanne,Pleat
753,Sax,Neilly
754,Pattin,Rammell
755,Diane,Chazerand
756,Blanche,Frigout
757,Kenneth,Mushet
758,Mikey,Castelli
759,Wash,Serchwell
760,Clementia,Pickring
761,Paule,Hugnot
762,Amalie,Francescone
763,Wake,Hardwin
764,Timmie,Hudd
765,Devin,O'Crotty
766,Tomkin,Cristofalo
767,Jamey,Matisse
768,Glenn,Heaviside
769,Maire,Castanaga
770,Theo,Sutterfield
771,Bob,Zorzini
772,Phoebe,Spendley
773,Tani,Trengrouse
774,Danette,Di Antonio
775,Egbert,Parades
776,Chryste,Marjanski
777,Manny,Ganley
778,Noby,Eastwood
779,Gerhardt,Doherty
780,Eddy,Engledow
781,Josefina,Ryrie
782,Hatti,Borgne
783,Sheppard,Stellman
784,Yurik,Denyukin
785,Ashlan,Dowgill
786,Mabelle,Fladgate
787,Phaedra,Sabben
788,Gus,Cella
789,Waldo,McVrone
790,Dorene,O'Fearguise
791,Belva,Hairs
792,Lurleen,Rodson
793,Laurie,Bouttell
794,Buck,Palleske
795,Cassandre,Vanichev
796,Iain,Augustin
797,Natala,Putnam
798,Minnaminnie,Huey
799,Jolyn,Zimmermanns
800,Pierrette,Grigoriev
801,Arturo,Lavelle
802,Lusa,Iowarch
803,Gardner,Cuseick
804,Sheppard,Ingliss
805,Egbert,Hitzke
806,Collete,Brafferton
807,Sammie,Beccero
808,Elberta,Gommes
809,Kristel,Smith
810,Izzy,Feasby
811,Jimmie,Deam
812,Cassandry,Magwood
813,Martha,Wrey
814,Benedicto,Ohlsen
815,Ray,Innwood
816,Silvie,Waller-Bridge
817,Lindsey,Furbank
818,Hercules,Sumnall
819,Chucho,Stronge
820,Starlin,Brunel
821,Jessie,Cree
822,Gideon,Stukings
823,Lorianne,O'Shevlin
824,Cecilio,Barens
825,Maiga,Brinsford
826,Tallulah,Ygo
827,Olia,Penhearow
828,Sharla,Stradling
829,Lenka,Scholig
830,Nobe,Crawshaw
831,Willey,Durbann
832,Gillie,Paladino
833,Vera,Crang
834,Lauretta,Slimmon
835,Devin,Matthieson
836,Ellie,Hynde
837,Buddy,Arington
838,Kandace,Bravey
839,Hannie,Josh
840,Clarance,Bodley
841,Odey,Pena
842,Karlens,Claque
843,Mordecai,Midgley
844,Salem,McClosh
845,Celine,Shipperbottom
846,Elnar,Goodlud
847,Lynnett,Pletts
848,Patrice,Paragreen
849,Modesty,Penrith
850,Zea,Spinnace
851,Celisse,Ivakhno
852,Berti,Novello
853,Vaclav,Eakins
854,Lockwood,Lademann
855,Cletis,Tommeo
856,Anna-maria,Alloisi
857,Renate,Monck
858,Aluin,Kayne
859,Maud,Brimblecombe
860,Harald,Boles
861,Iolande,McCarver
862,Roxane,Mountfort
863,Rutherford,Dikels
864,Druci,Wyre
865,Hermione,Crippes
866,Aldon,Croot
867,Lyman,Juorio
868,Edita,O'Brien
869,Abbey,Jarrell
870,Gillie,Padgham
871,Jonas,Scrafton
872,Maureene,Smorfit
873,Cordy,Stigell
874,Marja,Hurdedge
875,Myrle,Kausche
876,Robyn,Blakelock
877,Hillery,Muino
878,Selina,McIlwain
879,Leena,Grinley
880,Decca,Crawshaw
881,Augie,Curbishley
882,Madison,Ropking
883,Camila,Josefer
884,Janek,Skentelbury
885,Dermot,Sharply
886,Royall,Pedroli
887,Myrvyn,Whitlam
888,Cissiee,Mattiassi
889,Merell,Belly
890,Leora,Etter
891,Dane,Kellogg
892,Timothy,Duinkerk
893,Courtney,Wyett
894,Sebastien,Aggiss
895,Cristal,McCurdy
896,Ginnifer,Gaskin
897,Mildred,Gilhooly
898,Rosemarie,Derycot
899,Sharona,McKerron
900,Eberhard,Hulls
901,Elysia,Rickesies
902,Fawne,Flacke
903,Doria,Wraighte
904,Tabbitha,Pimerick
905,Marty,Scarfe
906,Stillman,Starkings
907,Lily,Dorman
908,Shanna,Lakin
909,Arch,Taylorson
910,Royal,Zimmermeister
911,Justis,McAline
912,Joaquin,Fulton
913,Janeczka,Coppins
914,Kizzie,Cordie
915,Denna,Lunney
916,Garnet,Coulman
917,Derrek,Innman
918,Albie,Eales
919,Dedie,Klouz
920,Brian,Fullalove
921,Kathryn,Lambdean
922,Laurel,Sweatman
923,Marrilee,Beeson
924,Justinn,Strank
925,Joela,Caslett
926,Ekaterina,Kitchaside
927,Gussy,Bearham
928,Wilbur,Bourrel
929,Dulcinea,Rahlof
930,De,Harkess
931,Cherise,Iacobetto
932,Aldin,Lujan
933,Jodie,Domnin
934,Boyd,Kopisch
935,Mercedes,Hendricks
936,Giselle,Spensly
937,Angelique,Penrice
938,Juliane,Frary
939,Raquel,Eam
940,Adelaida,O'Loughnan
941,Benedikt,Alleway
942,Meriel,Bellhouse
943,Bear,Rowan
944,Andres,Yare
945,Hamel,Koppen
946,Patrizia,Merfin
947,Charlotta,Grishukov
948,Daveen,Stamps
949,Jeramie,Notti
950,Nerte,Wenban
951,Constance,Touson
952,Yehudi,Budgen
953,Erv,Whitehorne
954,Wolfie,Kesey
955,Garrot,Heinsh
956,Jolene,Ruffey
957,Bernhard,Eilhersen
958,Mamie,Sherringham
959,Hugh,Lumly
960,Cheslie,Paolucci
961,Robbie,Davenall
962,Jesse,Speak
963,Udell,Erie
964,Romain,Mustoo
965,Salvador,Mattiazzo
966,Kali,Lawford
967,Lanita,Paulot
968,Gar,Bellanger
969,Krystyna,Uc
970,May,Spieght
971,Krystalle,De Roos
972,Kimball,Finders
973,Kimbra,Adamov
974,Rea,Windsor
975,Elmo,Exeter
976,Jacobo,Widdocks
977,Abeu,Culross
978,Welbie,Turvie
979,Baillie,Francke
980,Eddy,Chaize
981,Nick,Crewes
982,Loella,Tunnow
983,Jennilee,Benoit
984,Berty,Doak
985,Bradney,Bayle
986,Mervin,Sebrens
987,Elianora,Dixcey
988,Marget,Ebbin
989,Suzy,MacDunleavy
990,Astrid,Folger
991,Sharlene,Fakes
992,Mahala,Darben
993,Donella,Rawlison
994,Faydra,Drakeford
995,Truman,Helliker
996,Doyle,Hannibal
997,Denys,Rosbrough
998,Bayard,Staziker
999,Kent,Joynes
1000,Myrtle,Selby
