Agarsin,1
Sułkowice,1
Palermo,2
San Andres,1
Nanshan,1
Tangerang,1
Mekele,1
Kikinda,1
Bojong,1
Sosnogorsk,1
Duas Igrejas,2
Francisco Morato,1
Cuauhtemoc,1
Tanashichō,1
Lawrenceville,1
Zhankhoteko,1
Shirbīn,1
Khorixas,1
Guinticgan,1
Baryshivka,1
Phoenix,1
Mpulungu,1
Kaindy,1
Teminabuan,1
Zheleznogorsk,1
Tabango,1
Xinhang,1
Yonghe,1
Biankouma,1
Dschang,1
Rio Brilhante,1
Newmarket,2
Jianguang,1
Yanling,1
Předměřice nad Labem,1
Tutnae,1
Novoanninskiy,1
Sendangagung,1
Xiaohe,1
Njeru,1
Maple Ridge,1
Santa Rosa de Aguán,1
Jiangkou,1
Karasuyama,1
Vila Ribeiro,1
Tomilino,1
Sapadun,1
Piskivka,1
Rayevskaya,1
Gludug,1
Wudong,1
Biscucuy,1
Mandi Bahāuddīn,1
Ping’an,1
Beit Horon,1
Nybro,1
Cabedelo,1
Nusajaya,1
Zili,1
Bayramaly,1
Áno Kómi,1
Göteborg,1
Lagasit,1
Shardara,1
Nanniu,1
Bom Jesus da Lapa,1
Santiago de María,1
Gaoqiao,1
Belawang,1
Tyringe,1
Santa Rita do Sapucaí,1
Gibsons,1
Kasungu,1
Kuala Tuha,1
Hikkaduwa,1
Dallas,1
Nosy Varika,1
Mizdah,1
Dzaoudzi,1
Talacogon,1
Cipeundeuy,1
Yinla,1
Fengjiang,1
Dengzishan,1
Trenton,1
Puerto Nariño,1
Musashino,1
Skrwilno,1
Tashtagol,2
Avignon,1
Sacapulas,1
Sukodono,1
Jianmin,1
Campoverde,1
Cigadog Hilir,1
Portel,1
Brok,1
Árta,1
Nida,1
Bidikotak,1
Krasnaye,1
Yelizavetino,1
Sembakung,1
Semenivka,1
Kizel,1
Orodara,1
Sacotes,1
Akebielidou,1
Krasnyy Oktyabr’,1
Baro Kunda,2
Doumen,1
Oropós,1
Radenković,1
Neẖalim,1
Burgos,2
Christchurch,1
Rače,1
Looc,1
Kasese,1
Stockholm,1
Kaliska,1
Kuwayris Sharqī,1
Philadelphia,1
Oxford,1
Martapura,1
Luna,1
Changling,1
Morro Agudo,1
Bulakan,1
Vista Alegre,1
Pontal,1
Kete Krachi,1
Penco,1
Baghdad,1
Ust’-Dzheguta,1
Aral,1
Pepayan,1
Dongsheng,1
Dingdian,1
Buea,1
Zhengmo,1
Heling,1
Krzemieniewo,1
Koga,1
Mabiton,1
Da-an Sur,1
Konyshevka,1
Yulong,1
Karangpapak,1
Vis,1
Gongjiang,1
Warburton,1
Obroshyne,1
Prámanta,1
Nsok,1
Morón,1
Kang-neung,1
Babice,1
Buchlovice,1
Pernå,1
Tizguine,1
Ţubarjal,1
Oudtshoorn,1
Jalālābād,1
São Joaquim da Barra,1
Mendes,1
Balai,1
Jinsha,1
Stari Bohorodchany,1
Kyllíni,1
Bantiran,1
Oslo,4
Jedlina-Zdrój,1
Nantes,1
Zelmeņi,1
Chemnitz,1
Santo Domingo,2
Miaoshi,1
Sandefjord,1
Torre,1
Bakov nad Jizerou,1
Pyshchug,1
Yeghvard,1
Kesamben,1
Lushnjë,1
Qingshui,1
Galutu,1
Luzino,1
Gantang,1
Garoua Boulaï,1
Praia da Vitória,1
Chandmanĭ,1
Eleftheroúpolis,1
Pangantocan,1
Bayt ‘Awwā,1
Ndano,1
Yeysk,1
Marseille,1
Xinheng,1
Trondheim,2
Kamennogorsk,1
Xifangcheng,1
Tuapukan,1
Fushë-Bulqizë,1
Guadalupe,1
Menlou’ao,1
Tarakaniv,1
Echarate,1
Lubniewice,1
Dongxin,1
Tomay Kichwa,1
Akure,1
Ban Nong Wua So,1
Ko Pha Ngan,1
Dongguang,1
Bondokodi,1
Mbandaka,1
Nagykanizsa,1
Maple Creek,1
San Diego,1
Yishui,1
Hanyuan,1
Addiet Canna,1
Shanhaiguan,1
Séguéla,1
Kontagora,2
Burqah,1
Kebonkaret,1
Yongjiahe,1
Macedo de Cavaleiros,1
Miastków Kościelny,1
Embu,1
Qalqaman,1
Jiesheng,1
Jinzipai,1
Detroit,1
Nova Petrópolis,1
Terney,1
Mokolo,1
Jinggongqiao,1
Oktyabr’skiy,1
Sumuranyar,1
Tubuhue,1
Huangliu,1
Novodvinsk,1
Terpinnya,1
Soutelo,1
Luanda,1
Mhlambanyatsi,1
Wan’an,1
Lianzhu,1
Bell Ville,1
Ono,1
Ostrowite,1
Minshan,1
Krông Kmar,1
Téra,1
Dinan,1
Duzhou,1
Repnoye,1
Karangpari,1
Tam Kỳ,1
Sukadana Selatan,1
Jakartovice,1
Yanmen,1
Smach Mean Chey,1
Kayes,1
Trashigang,1
Pora,1
Longjing,1
Santa Maria,1
Valence,1
Ārifwāla,1
Goujie,1
Koski Tl,1
Ribeiro,1
Anyar,1
Obertyn,1
Portela,1
Tarui,1
Miki,1
Marly,1
Qaţanah,1
Ban Mo,1
Wanareja,1
Lindavista,2
Jichang,1
Yangxipu,1
Unawatuna,1
Cibeuti,1
Banyumas,2
Birmingham,1
Brea Pozo,1
Darkton,1
Lamas,1
Caimitillo,1
Kendung Timur,1
Gondomar,1
Graz,1
Apurawan,1
Ylöjärvi,1
Qala i Naw,1
Michałów-Reginów,1
George Hill,1
Cijeungjing Kaler,1
Kasangulu,1
Phu Kam Yao,1
Blučina,1
Maiwal,1
Jonava,1
Třebíč,1
Mēga,1
Paya Dapur,1
Idenao,1
Orahovica Donja,1
Subottsi,1
Samal,1
Bendo,1
Arboga,1
Sóc Sơn,1
Novais,1
Gambarjati,1
Belyye Berega,1
Arinos,1
Doghs,1
Cuntan,1
Bantarmangu,1
Pomar,1
Virje,1
Wiset Chaichan,1
Jomda,1
Skuhrov nad Bělou,1
Partang,1
Pelópion,1
Kurume,1
Jinshan,1
Krajanpagowan,1
Taldom,1
Kuala Terengganu,1
Athi River,1
Cela,1
Columbus,1
Khvatovka,1
Imaichi,1
San Mariano,1
Pitogo,1
Mała Wieś,1
Sidomakmur,1
Evansville,1
Logroño,1
Wanquan,1
Skatepark,1
Yangcun,1
Magoúla,1
Bárrio,1
Nanxi,1
Mayma,1
Bektemir,1
Dārāb,1
Huagu,1
Xinglongquan,1
Mandalgovi,1
Kasama,1
Ekibastuz,1
Hiratsuka,1
Natakoli,2
Bzou,1
Pingyin,1
Taen Tengah,1
Idi Iroko,1
Roi Et,1
Pereyaslav-Khmel’nyts’kyy,1
Norman Wells,1
Sanlifan,1
Gaide,1
Lungaog,1
Basco,1
Yonggu,1
Kedrovoye,1
Muting,1
Pirassununga,1
Umbultanjung,1
Ilongero,1
Pangkalanbuun,1
Lidoríki,1
Ambato Boeny,1
Luoqiao,1
Laowobao,1
Heilongkou,1
Dumalinao,1
El Peñón,1
Balpyk Bī,1
Parigi,1
Las Garcitas,1
Grängesberg,1
Meliau,1
Pazarić,1
Liangting,1
Hekou,2
Liangguang,1
Galveias,1
Llanera,1
Kramat,1
Villa Altagracia,1
Myanaung,1
Viļaka,1
Ecilda Paullier,1
Staraya Toropa,1
Kurjan,1
Llano de Piedra,1
Baiheshan,1
Žiežmariai,1
Turgenevo,1
Artsvanist,1
Kitahiroshima,1
Mayo Belwa,1
Concepción,1
Båstad,1
Zuogaiduoma,1
São José,1
Guatimozín,1
San Vicente,2
Buga,1
Yangiqo‘rg‘on,1
Alcoutim,1
Biyong,1
Salas,1
Miringa,1
Kopang Satu,1
Bombu,1
Potet,1
Sukacai,1
Puunage,1
Eisen,1
Rudolfov,1
Otaslavice,1
Thionville,1
Shuvakish,1
San Juan de Limay,1
Si Somdet,1
Donggaocun,1
Heshui,1
Piraju,1
Cube,1
Yuncao,1
Nova Iguaçu,1
Oporapa,1
Baytā al Fawqā,1
Messejana,1
Huagang,1
Florencia,1
Timrå,1
Ubon Ratchathani,1
Yanzhou,1
Tsaghkadzor,1
Suç,1
Somba,1
Krajan Kinanti,1
Thị Trấn Nghèn,1
San Pedro Ayampuc,1
Karangharjo,1
Puconci,1
Poctol,1
Zhinvali,1
Ndibène Dahra,1
Kendalrejo,1
Vallegrande,1
Mikhaylovsk,1
Kebon,1
Lazaro Cardenas,1
Wufeng,1
Ashley,1
Limoges,1
‘Aqrah,1
Qiaochong,1
Lugulu,1
Dawu,1
Strážná,1
Manalongon,1
Shuikou,1
Dengfeng,1
Baixo Guandu,1
Sobotín,1
Linhares,1
Urazovo,1
Yamaguchi-shi,1
Banda Layung,1
Anren,1
Karlskoga,1
Carrières-sur-Seine,1
Soljani,1
Delanggu,1
Ketang,1
Mayisad,1
Changgang,1
Batiano,1
Põlva,1
Yigo Village,1
Pasargunung,1
Ndofane,1
Belén,1
Karangsari,1
Lop,1
Mỏ Cày,1
Tombu,1
Ludbreg,1
Walagar,1
Namikupa,1
Ouro Preto,1
Maketu,1
Ranao,1
Bulgan,1
Pszczew,1
Dayou,1
Taouloukoult,1
Tarsouat,1
Saint John’s,1
Panjakent,1
Batobato,1
Ar Rawnah,1
Lyuboml’,1
Hongxi,1
Shchukino,1
Banyo,1
Luar,1
Chatturat,1
Laborie,1
Ruteng,1
Ростуша,1
Hepang,1
Okulovka,1
Smyshlyayevka,1
Changzhi,1
Sayaxché,1
Nogueira,1
Klenak,1
Borås,1
Horní Počaply,1
Voronkov,1
Pitalito,1
Villefranche-sur-Mer,1
Xunhe,1
Malibong East,1
Bira,1
Emiliano Zapata,2
Zhubei,1
Al Mazra‘ah,1
Frederico Westphalen,1
Paraíso,1
Issenye,1
Caramay,1
Subulussalam,1
Wenshao,1
San Rafael del Sur,1
Chumpi,1
Reisjärvi,1
Borovikha,1
Caromatan,1
Sadabe,1
Las Vegas,1
Gaoyi,1
Xihu,1
Hengpi,1
Telč,1
Langres,1
Sanqishi,1
Le Port,1
Sidoger Lebak,1
Koba,1
Tuopu,1
Sharga,2
Nabīnagar,1
Banī Khaddāsh,1
Bao’an,1
Shuangfeng,2
Horní Lideč,1
Shiojiri,1
Yuanmou,1
Koslan,1
Chongkan,1
Hejiang,1
Yunmen,1
Tānsen,1
Nobeoka,1
Zhougao,1
Issad,1
Hagonoy,1
Choma,1
Wuduhe,1
Gengma,1
Bukbatang,1
Manila,1
Santo Amaro,1
Zaleszany,1
Higashimurayama-shi,1
Mamali,1
Mont-de-Marsan,1
Shilaoren,1
Solna,1
Queluz de Baixo,1
Seltjarnarnes,1
Lanipao,1
Pataias,1
La Goulette,1
Elimäki,1
Santa Valha,1
Bal’shavik,1
Sacanche,1
Heicheng,1
Axioúpoli,1
Savitaipale,1
Bahe,1
Jiqu,1
Dārayyā,1
Bouaké,1
Blangkejeren,1
Kanturk,1
Ol’gino,1
Moche,1
Ambulong,1
Honkajoki,1
Har Nur,1
Vyšší Brod,1
Chernomorskiy,1
Guyang,1
Gaptsakh,1
Lanuza,1
Pianbai,1
Lamakera Dua,1
Blon’,1
Béreldange,1
Gangkou,1
Bucay,1
San Miguel,1
Barra dos Coqueiros,1
La Plaine-Saint-Denis,1
Beolgyo,1
Bacuyangan,1
Armenia,1
Useldange,1
Uyovu,1
Markaz Mudhaykirah,1
Mitrovicë,1
Sishan,1
Novi Slankamen,1
Tržič,1
Yanliang,1
Bata Tengah,1
San Isidro,1
Ust’-Donetskiy,1
Monastirákion,1
Soure,1
Zhengwan,1
Waterbury,1
Hòa Bình,1
Šentjur,1
Norfolk,1
Saumur,1
Oenam,1
Karlobag,1
Reims,1
Kumla,1
Changfu,1
Lembang,1
Manzherok,1
Yong’an,1
Bến Tre,1
Hāgere Selam,1
Sumberagung,1
Smętowo Graniczne,1
Pan-an,1
Kenscoff,1
Timahankrajan,1
Nueve de Julio,1
Zamboanga,1
Gafanha de Aquém,1
Lenghu,1
Morrito,1
Igboho,1
Inanwatan,1
Sukorejo,1
Banjar Peguyangan,1
Pucyura,1
Liugong,1
Huishi,1
Ettelbruck,1
Cergy-Pontoise,1
Lakkha Nëvre,1
Muskegon,1
Bajiao,1
Embalse,1
Zhouhe,2
Shuangxikou,1
Sertânia,1
Yuta,1
Custóias,1
Best,1
Saint-Denis,1
Cumadcad,1
Ipís,1
Loboniki,1
Dagur,1
Jiulong,1
Xujiafang,1
Jawatiwa,1
Tohautu,1
Huangjin,1
São Sebastião do Caí,1
Edissiya,1
Cool űrhajó,1
Jamaica,1
Jingzhou,1
Woken,1
Mulandoro,1
Kota Kinabalu,1
Jindaoxia,1
Clarin,1
Tanjung Palas,1
Lecong,1
Manticao,1
Santiago del Estero,1
San Jose,2
Rokytne,1
Vista Hermosa,1
Rucava,1
Juwana,1
Banjar Pedawa,1
Puerto Padre,1
Colorado Springs,1
Kuluran,2
Gort,1
Mjamaoué,1
Jingzi,1
Strabychovo,1
Włocławek,1
Trélazé,1
Nuits-Saint-Georges,1
Tuchola,1
Owczarnia,1
Jaen,1
Pinggan,1
Wulong,1
Krasnaya Poyma,1
Bořetice,1
Ampanihy,1
Masparrito,1
Morioka-shi,1
Lebu,1
Panji,1
Warungbuah,1
Al Lubban al Gharbī,1
Duboka,1
Clondalkin,1
Yambol,1
Yanaoca,1
Pérez,1
Maragogipe,1
Ushiku,1
Metchosin,1
Mancha Khiri,1
Jebba,1
Xinchengzi,1
Santa Cecília,2
Loujiadian,1
Rudy,1
Vaitogi,1
Cruzeiro do Oeste,1
Imām Şāḩib,1
Al Ḩajar al Aswad,1
Kozakai-chō,1
Torre do Pinhão,1
Ningde,1
Nanqi,1
Tiên Phước,1
Pīrgaaj,1
Olhos de Água,1
El Zapote,1
Al ‘Anān,1
Molina,1
Klagenfurt am Wörthersee,1
Chusovoy,1
Birzai,1
Belköl,1
Várzea de Sintra,1
Samouco,1
Odrinhas,1
Brasília,2
Rusnė,1
Jingkou,1
Mazamet,1
Cilegong,1
Kudymkar,1
Soly,1
Pecka,1
Koson,1
El Benque,1
Lembanah,1
Ongabelen,1
Valencia,1
Bugis,1
Arcachon,1
Ambunti,1
Balongmulyo,1
Dębowa Łąka,1
Hutag,1
Montijo,1
Pulau Tiga,1
Cabittaogan,1
Bibrka,1
San Marcos,1
Chamni,1
Koźmin Wielkopolski,1
Bayt Ūlā,1
Mont-Royal,1
Yandang,1
Lacabamba,1
Nakhon Nayok,1
Hangu,1
Hưng Nguyên,1
Várzea Alegre,1
General Luna,1
Gambut,1
Frankfurt am Main,1
Tsagaan-Ovoo,1
Pārūn,1
Tondabayashichō,1
Vellinge,1
Mozzozzin Sur,1
Longvic,1
Ortega,1
San Narciso,1
Dubai,1
Oehala,1
Puerto Asís,1
Cabrobó,1
Irará,1
Lumbayan,1
Klos,1
Zdice,1
Xinhe,1
Martanesh,1
Luoyang,1
Toshloq,1
Pokrovo-Prigorodnoye,1
Kítsi,1
Keren,1
Riangbaring,1
Winston Salem,1
Valada,1
Jinhu,1
Mekkaw,1
Barretos,1
Tanggu,1
Dār Kulayb,1
Tanghua,1
Castañas,1
Fucun,1
Balbagay,1
Ungheni,1
Vostryakovo,1
Chiang Yuen,1
Ibarreta,1
Uba,1
Suibara,1
Wugong,1
Gucheng,1
Chacarita,1
Aimin,1
Koua,1
Itum-Kali,1
Castrovirreyna,1
Petrich,1
Elektrėnai,1
Meizhou,1
Loznitsa,1
Tomari,1
Xinkai,1
Pontang Tengah,1
Menzel Bourguiba,1
Vessada,1
Santa Teresita,1
Budapest,1
Остров Пасхи,2
Suwaru,1
Erping,1
Jiaqiao,1
Mengxi,1
Mojkovac,1
Kuwumkumambal,1
Hitachi,1
Dežanovac,1
Longping,1
Ciherang,1
Kristiansand S,1
Yengiawat,1
Skópelos,1
Vsevolozhsk,1
Were,1
Tucheng,1
Šmarje pri Jelšah,1
Solok,1
Gemo,1
Oltinko’l,1
Kamenka,1
Březová,1
Tamamura,1
El Pardo,1
Al Qurḩ,1
Huancheng,1
Tršić,1
Sinanju,1
Sukasari,1
Santa Marta,1
Resistencia,1
Orlando,1
Shichuan,1
Jetaral,1
Höshigiyn-Ar,1
Qizhen,1
Sanlicheng,1
Blagaj,1
Burgastai,1
Jiangwan,1
Libourne,1
Flandes,1
Huangshan,1
Cabreúva,1
Tungelsta,1
Tam Bình,1
Alençon,1
Jiahe,1
Dārchulā,1
Hor,1
Baklashi,1
Hamburg Winterhude,1
Zhangaqorghan,1
Atocha,1
Murcki,1
Osório,1
Surubim,1
Poddor’ye,1
Saratamata,1
Mafraq,1
Sudimoro,1
Borgo Maggiore,1
Wringinsari,1
Santa Catalina,1
Chegang,1
Lugovskoy,1
Midland,1
Cartagena,1
Bakung,1
Cibeureum Satu,1
Mizhirah,1
Tầm Vu,1
Wisznice,1
Ostrówek,1
Lizhai,1
Dungloe,1
Bastos,1
Moss,1
Kalvola,1
Zhangpu,1
Krajan Karangwage,1
Wolometang,1
Spirit River,1
Apitong,1
Michałowice,2
Geneng,1
Souto,1
Slutsk,1
Ozurgeti,1
Jiantian,1
